id	first_name	last_name	email	gender	ip_address
1	Georgeta	Terran	gterran0@linkedin.com	Female	37.133.120.140
2	Dunn	De Vaan	ddevaan1@cnet.com	Male	52.28.114.30
3	Nolana	Jouaneton	njouaneton2@ed.gov	Female	104.159.68.119
4	Karim	Bavister	kbavister3@telegraph.co.uk	Male	212.113.103.25
5	Rory	Alcott	ralcott4@google.co.uk	Female	238.207.229.158
6	Kimberly	Lindman	klindman5@smugmug.com	Female	160.48.66.241
7	Garvin	Andreou	gandreou6@ted.com	Male	94.118.49.214
8	Piotr	Mattinson	pmattinson7@oaic.gov.au	Male	252.125.207.245
9	Shantee	Goodenough	sgoodenough8@bizjournals.com	Female	242.246.246.55
10	Niels	Aiston	naiston9@storify.com	Male	241.25.185.189
11	Netta	Cridlon	ncridlona@icio.us	Female	140.53.143.189
12	Helaina	Dionsetti	hdionsettib@mtv.com	Female	49.29.65.149
13	Adrienne	Waterland	awaterlandc@newyorker.com	Female	243.156.171.35
14	Olivie	Borrott	oborrottd@google.nl	Female	128.218.164.36
15	Job	Ingon	jingone@un.org	Male	31.89.53.192
16	Alain	Lipgens	alipgensf@wikipedia.org	Male	158.44.38.75
17	Zollie	Bussen	zbusseng@fastcompany.com	Male	255.227.254.179
18	Elberta	Beedie	ebeedieh@live.com	Female	3.94.234.99
19	Hugues	Sugar	hsugari@guardian.co.uk	Male	6.85.149.128
20	Dorothy	Jeary	djearyj@dailymotion.com	Female	83.243.34.51
21	Hedwig	Goodinge	hgoodingek@tumblr.com	Female	217.45.183.59
22	Ellie	Bohey	eboheyl@twitter.com	Female	42.12.253.203
23	Cacilia	Sabbins	csabbinsm@epa.gov	Female	120.142.27.101
24	Heloise	Hemms	hhemmsn@moonfruit.com	Female	126.156.196.15
25	Friedrick	Destouche	fdestoucheo@java.com	Male	213.64.25.107
26	Allistir	Polini	apolinip@jigsy.com	Male	207.41.195.126
27	Peirce	Patington	ppatingtonq@economist.com	Male	8.252.161.14
28	Madonna	Titheridge	mtitheridger@yale.edu	Female	168.235.170.221
29	Stephen	Hanlon	shanlons@timesonline.co.uk	Male	203.183.246.132
30	Felecia	Waind	fwaindt@ihg.com	Female	47.223.218.139
31	Biron	Ithell	bithellu@furl.net	Male	250.176.65.185
32	Daphene	Kuschel	dkuschelv@sun.com	Female	17.40.89.168
33	Curry	Beefon	cbeefonw@oaic.gov.au	Male	237.91.100.239
34	Amerigo	Talloe	atalloex@cisco.com	Male	134.213.58.190
35	Yance	Eckly	yecklyy@yolasite.com	Male	39.172.218.195
36	Shirline	Gomer	sgomerz@shinystat.com	Female	94.235.235.25
37	Reilly	Muneely	rmuneely10@google.it	Male	174.178.159.234
38	Sanson	Shiels	sshiels11@amazonaws.com	Male	216.136.89.82
39	Marv	Wallenger	mwallenger12@answers.com	Male	55.180.112.34
40	Thia	Hanlon	thanlon13@weibo.com	Female	234.221.131.150
41	Blair	Grube	bgrube14@blinklist.com	Female	3.182.95.90
42	Jackie	Ferson	jferson15@simplemachines.org	Female	187.155.14.186
43	Ninon	Gaudon	ngaudon16@facebook.com	Female	115.120.197.232
44	Calli	Costelloe	ccostelloe17@alexa.com	Female	88.0.208.200
45	Charlene	Larmour	clarmour18@4shared.com	Female	71.134.127.145
46	Christin	Ling	cling19@wikimedia.org	Female	255.70.131.159
47	Charin	Knolles-Green	cknollesgreen1a@multiply.com	Female	232.211.32.76
48	Nicol	Corkish	ncorkish1b@yale.edu	Male	103.80.93.123
49	Kev	Lockey	klockey1c@nyu.edu	Male	42.92.202.230
50	Catlin	Fipp	cfipp1d@uol.com.br	Female	25.118.29.135
51	Normie	Bendall	nbendall1e@dropbox.com	Male	28.223.12.69
52	Enrika	Foley	efoley1f@vkontakte.ru	Female	112.255.227.208
53	Carey	Roath	croath1g@who.int	Male	11.126.10.156
54	Bale	Hehnke	bhehnke1h@com.com	Male	117.98.87.241
55	Fritz	Earwaker	fearwaker1i@ihg.com	Male	157.112.249.78
56	Simmonds	Balls	sballs1j@java.com	Male	226.162.99.207
57	Sonnie	Mobius	smobius1k@unesco.org	Male	85.250.142.152
58	Latashia	Pien	lpien1l@squarespace.com	Female	228.251.217.76
59	Clayborn	Asche	casche1m@ibm.com	Male	12.157.97.148
60	Lorna	Pepperill	lpepperill1n@nyu.edu	Female	182.27.234.186
61	Kiel	Christy	kchristy1o@angelfire.com	Male	229.126.255.157
62	Niven	Clear	nclear1p@drupal.org	Male	30.196.107.34
63	Ringo	Kesper	rkesper1q@buzzfeed.com	Male	4.111.68.231
64	Kellyann	Tadlow	ktadlow1r@yandex.ru	Female	64.176.43.117
65	Buiron	Demougeot	bdemougeot1s@va.gov	Male	17.168.253.155
66	Valentina	Habens	vhabens1t@histats.com	Female	147.108.47.240
67	Aubert	Bareham	abareham1u@jiathis.com	Male	231.247.102.15
68	Artur	Jaggs	ajaggs1v@prweb.com	Male	105.250.14.107
69	Merrill	Keaves	mkeaves1w@walmart.com	Female	205.203.92.154
70	Brittaney	Gonnard	bgonnard1x@npr.org	Female	203.191.187.203
71	Ezri	Moriarty	emoriarty1y@mozilla.com	Male	26.152.185.242
72	Kienan	Morican	kmorican1z@pinterest.com	Male	14.82.222.17
73	Belicia	Paffitt	bpaffitt20@shutterfly.com	Female	46.43.1.142
74	Judy	Olden	jolden21@java.com	Female	42.174.255.64
75	Shirleen	Botger	sbotger22@va.gov	Female	162.72.239.213
76	Shir	Twallin	stwallin23@edublogs.org	Female	61.66.224.199
77	Karon	Matheson	kmatheson24@github.io	Female	208.223.76.214
78	Emmott	Jordon	ejordon25@umich.edu	Male	35.213.151.67
79	Sela	Coolahan	scoolahan26@last.fm	Female	148.38.6.232
80	Stephi	Pimm	spimm27@php.net	Female	91.25.213.46
81	Cissy	Jallin	cjallin28@biblegateway.com	Female	182.30.6.174
82	Egbert	Sellers	esellers29@comsenz.com	Male	40.115.31.119
83	Pierce	Burnes	pburnes2a@cbslocal.com	Male	198.14.212.154
84	Chic	Nield	cnield2b@multiply.com	Male	129.124.131.42
85	Rubie	Ralls	rralls2c@meetup.com	Female	223.231.175.212
86	Randolf	Baitey	rbaitey2d@prweb.com	Male	36.165.83.236
87	Vally	Crees	vcrees2e@admin.ch	Female	251.86.177.229
88	Mylo	Marte	mmarte2f@oakley.com	Male	214.6.175.69
89	Elston	McCaughan	emccaughan2g@amazon.co.jp	Male	200.35.133.72
90	Alain	Tippings	atippings2h@theguardian.com	Male	191.238.107.130
91	Kennett	Huson	khuson2i@wix.com	Male	96.222.248.46
92	Andreana	Maggi	amaggi2j@wsj.com	Female	175.209.129.5
93	Zia	Panks	zpanks2k@shop-pro.jp	Female	64.57.131.42
94	Saleem	Whales	swhales2l@nytimes.com	Male	255.232.32.156
95	Nathaniel	Chilvers	nchilvers2m@devhub.com	Male	229.18.56.32
96	Reinaldos	Iorizzi	riorizzi2n@tripadvisor.com	Male	217.30.113.134
97	Bronnie	Sally	bsally2o@yandex.ru	Male	34.19.85.22
98	Bernita	Feld	bfeld2p@google.co.jp	Female	148.123.193.237
99	Inez	Yorkston	iyorkston2q@slideshare.net	Female	233.168.70.130
100	Weider	Dickon	wdickon2r@wufoo.com	Male	179.96.162.120
101	Clerkclaude	Paris	cparis2s@dyndns.org	Male	106.130.205.108
102	Dalton	Chippindall	dchippindall2t@booking.com	Male	205.133.142.159
103	Vito	Banville	vbanville2u@seesaa.net	Male	251.180.219.134
104	Aloysius	Stockman	astockman2v@npr.org	Male	191.101.113.203
105	Syd	De La Haye	sdelahaye2w@amazonaws.com	Male	231.183.212.47
106	Othello	Frayling	ofrayling2x@friendfeed.com	Male	247.194.116.172
107	Eamon	Spaughton	espaughton2y@pinterest.com	Male	180.157.45.178
108	Mischa	Hirschmann	mhirschmann2z@smugmug.com	Male	214.214.204.125
109	Neda	Newiss	nnewiss30@github.com	Female	42.222.50.57
110	Rochester	Georger	rgeorger31@epa.gov	Male	75.24.179.56
111	Gianni	Dyhouse	gdyhouse32@1und1.de	Male	81.214.202.155
112	Earl	Shoebotham	eshoebotham33@adobe.com	Male	196.124.68.244
113	Giselbert	O'Bruen	gobruen34@theatlantic.com	Male	37.163.163.186
114	Sharline	Tomenson	stomenson35@squarespace.com	Female	113.52.229.50
115	Thoma	De Gregoli	tdegregoli36@odnoklassniki.ru	Male	223.31.73.99
116	Dukey	Smieton	dsmieton37@friendfeed.com	Male	139.78.169.197
117	Tull	Lemonnier	tlemonnier38@accuweather.com	Male	21.72.132.248
118	Loleta	Robjents	lrobjents39@ihg.com	Female	156.54.155.94
119	Douglas	Whatson	dwhatson3a@boston.com	Male	181.25.234.154
120	Cedric	Espinos	cespinos3b@google.cn	Male	224.250.72.50
121	Neron	Klagge	nklagge3c@eventbrite.com	Male	172.82.134.104
122	Gale	Chaise	gchaise3d@reverbnation.com	Female	249.205.247.254
123	Cesar	Tomowicz	ctomowicz3e@sciencedirect.com	Male	36.54.229.41
124	Pennie	Palia	ppalia3f@marketwatch.com	Female	9.24.46.192
125	Perri	Scardafield	pscardafield3g@smugmug.com	Female	79.19.20.96
126	Alyce	Wytchard	awytchard3h@cnbc.com	Female	214.86.178.180
127	Ros	Rodson	rrodson3i@ca.gov	Female	108.253.55.238
128	Sondra	Fearick	sfearick3j@telegraph.co.uk	Female	26.21.28.104
129	Gallard	Shoebrook	gshoebrook3k@addtoany.com	Male	17.89.113.77
130	Annecorinne	Badrock	abadrock3l@geocities.com	Female	56.250.118.88
131	Korey	Dougher	kdougher3m@altervista.org	Male	227.198.102.234
132	Stormi	Yearns	syearns3n@infoseek.co.jp	Female	71.253.136.105
133	Marlene	Macey	mmacey3o@reddit.com	Female	197.191.112.55
134	Dukey	Jeans	djeans3p@pbs.org	Male	204.110.235.195
135	Jan	Shortt	jshortt3q@desdev.cn	Male	42.171.1.19
136	Nikolaus	Vasyutin	nvasyutin3r@ucsd.edu	Male	233.115.212.172
137	Kellen	Lawley	klawley3s@mapy.cz	Male	213.163.189.124
138	Padriac	Ince	pince3t@nhs.uk	Male	29.196.166.90
139	Rochelle	Freestone	rfreestone3u@bing.com	Female	62.37.194.62
140	Leigh	Massie	lmassie3v@narod.ru	Male	0.145.254.121
141	Kayle	Hirsch	khirsch3w@ca.gov	Female	91.17.106.19
142	Yvonne	Bruck	ybruck3x@biblegateway.com	Female	34.1.106.220
143	Alene	Lampel	alampel3y@indiegogo.com	Female	124.163.48.253
144	Tabbatha	Durbridge	tdurbridge3z@angelfire.com	Female	137.141.171.62
145	Eveline	Orehead	eorehead40@illinois.edu	Female	23.43.181.45
146	Hurleigh	Synke	hsynke41@themeforest.net	Male	110.126.214.232
147	Oswald	Odger	oodger42@youtu.be	Male	44.9.45.129
148	Seka	Cast	scast43@hexun.com	Female	28.71.137.249
149	Janeczka	Skates	jskates44@cocolog-nifty.com	Female	15.197.176.7
150	Eldridge	Eckery	eeckery45@globo.com	Male	181.119.56.201
151	Frazer	Maudett	fmaudett46@g.co	Male	32.78.6.68
152	Randell	Aphale	raphale47@businessinsider.com	Male	230.21.34.235
153	Evita	Axtell	eaxtell48@miitbeian.gov.cn	Female	82.121.236.35
154	Gardener	Rupert	grupert49@hibu.com	Male	29.23.250.29
155	Audie	Gilks	agilks4a@gov.uk	Female	160.208.16.80
156	Janie	Delong	jdelong4b@salon.com	Female	22.105.218.46
157	Galvan	Symonds	gsymonds4c@i2i.jp	Male	246.133.192.57
158	Mattheus	Folke	mfolke4d@stanford.edu	Male	4.78.125.102
159	Ardelle	Neary	aneary4e@unblog.fr	Female	222.144.111.35
160	Colly	Dodds	cdodds4f@posterous.com	Female	37.60.155.104
161	Maryanna	Claxson	mclaxson4g@wired.com	Female	106.118.232.102
162	Paulo	Pecha	ppecha4h@tmall.com	Male	189.146.21.55
163	Phillipp	Deboo	pdeboo4i@google.ca	Male	193.88.254.73
164	Emmalynne	Pigeon	epigeon4j@github.io	Female	184.126.1.250
165	Marwin	Streetfield	mstreetfield4k@tumblr.com	Male	169.95.198.186
166	Morgen	Burkinshaw	mburkinshaw4l@usnews.com	Female	137.245.214.112
167	Kelbee	Martyntsev	kmartyntsev4m@blogtalkradio.com	Male	146.43.171.8
168	Jillian	Sallis	jsallis4n@newsvine.com	Female	148.122.241.111
169	Vail	Stigers	vstigers4o@noaa.gov	Male	131.68.138.184
170	Jordan	Rosindill	jrosindill4p@fda.gov	Male	184.147.196.196
171	Karney	Raddan	kraddan4q@newyorker.com	Male	46.123.68.215
172	Gladys	Surr	gsurr4r@redcross.org	Female	49.112.64.70
173	Chantalle	Slingsby	cslingsby4s@tripadvisor.com	Female	103.59.206.102
174	Town	Hankard	thankard4t@adobe.com	Male	248.233.190.126
175	Allsun	Veck	aveck4u@networksolutions.com	Female	174.240.238.253
176	Guglielmo	Naish	gnaish4v@nih.gov	Male	233.54.22.132
177	Polly	Tullot	ptullot4w@photobucket.com	Female	172.239.151.243
178	Charlie	Pawlaczyk	cpawlaczyk4x@google.ru	Male	55.138.143.12
179	Marlee	Gasnoll	mgasnoll4y@t.co	Female	231.82.140.88
180	Wanids	Dayce	wdayce4z@linkedin.com	Female	128.62.8.173
181	Agneta	Bertrand	abertrand50@php.net	Female	77.236.104.155
182	Bernhard	Glazier	bglazier51@seattletimes.com	Male	141.174.121.139
183	Miguelita	MacKenny	mmackenny52@imgur.com	Female	181.245.136.232
184	Floris	Wisham	fwisham53@tmall.com	Female	200.77.136.67
185	Anatole	Gostridge	agostridge54@tmall.com	Male	109.216.166.8
186	Eolanda	Rosenbush	erosenbush55@harvard.edu	Female	68.255.32.189
187	Lorena	Rawstron	lrawstron56@xinhuanet.com	Female	90.131.100.52
188	Rickey	Grundell	rgrundell57@webmd.com	Male	57.131.121.115
189	Granville	McSharry	gmcsharry58@si.edu	Male	195.61.254.201
190	Ervin	Maeer	emaeer59@reference.com	Male	242.126.198.217
191	Shalna	Tarquinio	starquinio5a@google.cn	Female	84.182.52.186
192	Isidro	Grindle	igrindle5b@opera.com	Male	247.24.31.248
193	Brendin	Mccaull	bmccaull5c@latimes.com	Male	239.24.243.215
194	Otha	Dunphie	odunphie5d@ted.com	Female	20.165.87.16
195	Virgina	Balsom	vbalsom5e@multiply.com	Female	1.21.181.183
196	Parke	Pau	ppau5f@marketwatch.com	Male	184.172.181.237
197	Ulla	Mughal	umughal5g@ca.gov	Female	27.91.249.29
198	Drake	Brodbin	dbrodbin5h@nifty.com	Male	86.80.224.72
199	Curcio	Ennor	cennor5i@booking.com	Male	237.55.162.44
200	Vladamir	Yglesia	vyglesia5j@tiny.cc	Male	224.121.199.132
201	Joshuah	Trassler	jtrassler5k@webeden.co.uk	Male	42.83.200.192
202	Ignaz	Nutkins	inutkins5l@theguardian.com	Male	15.252.194.230
203	Collete	Burleigh	cburleigh5m@sciencedaily.com	Female	114.86.100.51
204	Doretta	Dict	ddict5n@chicagotribune.com	Female	198.29.32.65
205	Aridatha	Chalfain	achalfain5o@merriam-webster.com	Female	174.216.74.111
206	Mortimer	Ridley	mridley5p@mozilla.org	Male	62.4.104.130
207	Anthia	Linguard	alinguard5q@alexa.com	Female	149.225.95.11
208	Ann	Restill	arestill5r@vinaora.com	Female	247.215.1.11
209	Kirstyn	Becraft	kbecraft5s@amazon.co.uk	Female	147.197.223.88
210	Deedee	Haszard	dhaszard5t@nytimes.com	Female	47.13.75.42
211	Ezri	Snowling	esnowling5u@artisteer.com	Male	96.92.208.17
212	Anastassia	McDuff	amcduff5v@issuu.com	Female	52.221.24.117
213	Jacobo	Jirsa	jjirsa5w@npr.org	Male	206.214.251.42
214	Clem	Fairchild	cfairchild5x@jimdo.com	Male	190.45.47.179
215	Bess	Doyley	bdoyley5y@chicagotribune.com	Female	87.203.157.94
216	Bill	Spoure	bspoure5z@typepad.com	Female	114.151.124.17
217	Daisy	Shirtliff	dshirtliff60@globo.com	Female	104.238.2.247
218	Kimbra	De Mattia	kdemattia61@digg.com	Female	130.121.212.111
219	Clem	Chance	cchance62@msn.com	Male	21.194.19.134
220	Birdie	Ramel	bramel63@squidoo.com	Female	94.24.162.102
221	Davis	Guilaem	dguilaem64@hugedomains.com	Male	6.23.32.27
222	Gabi	Koubek	gkoubek65@vk.com	Female	246.208.74.241
223	Dan	Liven	dliven66@mail.ru	Male	250.152.90.15
224	Goldi	Antal	gantal67@netscape.com	Female	163.75.123.54
225	Erin	Bowell	ebowell68@seesaa.net	Female	59.59.51.168
226	Demetre	Shirtcliffe	dshirtcliffe69@amazon.co.uk	Male	114.173.241.50
227	Dorry	Derington	dderington6a@google.pl	Female	221.136.59.226
228	Roseline	Dron	rdron6b@drupal.org	Female	248.70.78.254
229	Birk	Deerr	bdeerr6c@gizmodo.com	Male	57.28.224.108
230	Helaina	Strowger	hstrowger6d@w3.org	Female	26.167.64.39
231	Erin	Tulloch	etulloch6e@nydailynews.com	Male	16.53.16.191
232	Joella	Thripp	jthripp6f@cyberchimps.com	Female	135.167.5.57
233	Georgi	Stair	gstair6g@rambler.ru	Male	232.2.9.23
234	Pepita	Eades	peades6h@gizmodo.com	Female	102.104.0.167
235	Hester	Chardin	hchardin6i@google.nl	Female	30.87.248.254
236	Vania	Lacky	vlacky6j@artisteer.com	Female	7.233.187.65
237	Barclay	Truluck	btruluck6k@slate.com	Male	214.241.188.234
238	Clerkclaude	Couttes	ccouttes6l@symantec.com	Male	0.235.233.158
239	Dorise	Clemont	dclemont6m@dot.gov	Female	180.23.229.6
240	Gherardo	Filan	gfilan6n@theatlantic.com	Male	145.140.135.253
241	Garald	Early	gearly6o@mozilla.com	Male	36.3.164.28
242	Barbi	Hatter	bhatter6p@intel.com	Female	179.8.200.203
243	Paulita	Greyes	pgreyes6q@freewebs.com	Female	124.27.219.76
244	Evelyn	Gercken	egercken6r@yahoo.com	Female	153.153.97.19
245	Jereme	Runnalls	jrunnalls6s@unesco.org	Male	157.195.144.211
246	Nikkie	Casserley	ncasserley6t@csmonitor.com	Female	208.88.175.24
247	Eilis	Altofts	ealtofts6u@photobucket.com	Female	144.33.157.91
248	Winfred	Davidescu	wdavidescu6v@unc.edu	Male	242.45.59.123
249	Way	Kellitt	wkellitt6w@netlog.com	Male	161.39.97.167
250	Eleanore	Copplestone	ecopplestone6x@wunderground.com	Female	255.36.122.254
251	Carine	Hughesdon	chughesdon6y@pcworld.com	Female	117.155.114.183
252	Chalmers	Fatharly	cfatharly6z@theatlantic.com	Male	93.236.154.8
253	Gaspar	Empringham	gempringham70@cbsnews.com	Male	80.230.238.98
254	Sanders	Shawdforth	sshawdforth71@cnet.com	Male	209.208.154.242
255	Sancho	Mulbry	smulbry72@usa.gov	Male	234.57.0.204
256	Raffaello	Malzard	rmalzard73@ustream.tv	Male	1.202.111.124
257	Dalenna	Chuney	dchuney74@ycombinator.com	Female	132.229.203.254
258	Lonni	Skellen	lskellen75@tripod.com	Female	69.233.96.107
259	Jeth	Bonavia	jbonavia76@chicagotribune.com	Male	68.254.251.4
260	Hulda	O'Doran	hodoran77@msu.edu	Female	222.197.240.40
261	Jany	Skates	jskates78@scribd.com	Female	119.24.213.58
262	Ethel	Rachuig	erachuig79@de.vu	Female	199.41.103.135
263	Gaile	Pattle	gpattle7a@dell.com	Male	121.168.155.37
264	Dael	Kelledy	dkelledy7b@vistaprint.com	Female	240.161.150.58
265	Harvey	Tremain	htremain7c@comsenz.com	Male	98.52.180.12
266	Monique	Oxton	moxton7d@adobe.com	Female	161.129.36.246
267	Waneta	Elles	welles7e@vimeo.com	Female	33.249.17.48
268	Kial	Marling	kmarling7f@dyndns.org	Female	22.67.73.8
269	Gretta	Klulicek	gklulicek7g@google.co.uk	Female	253.9.204.23
270	Mariellen	Soule	msoule7h@cbsnews.com	Female	17.184.46.154
271	Renate	Grundell	rgrundell7i@goo.gl	Female	70.52.135.41
272	Vlad	Silverman	vsilverman7j@tripod.com	Male	10.17.208.167
273	Shannon	McMurrugh	smcmurrugh7k@opera.com	Male	230.192.234.40
274	Kirstin	Dellow	kdellow7l@exblog.jp	Female	94.72.155.76
275	Bronny	Olley	bolley7m@cocolog-nifty.com	Male	17.170.49.163
276	Casper	Malpas	cmalpas7n@gnu.org	Male	108.31.138.105
277	Chico	Andras	candras7o@a8.net	Male	176.35.119.243
278	Hildy	Cockshut	hcockshut7p@netvibes.com	Female	85.21.4.251
279	Albertine	Osboldstone	aosboldstone7q@rambler.ru	Female	160.252.237.106
280	Eugenius	Castanos	ecastanos7r@spiegel.de	Male	172.12.249.41
281	Clive	Brandenburg	cbrandenburg7s@miibeian.gov.cn	Male	219.219.182.76
282	Erskine	Hold	ehold7t@nih.gov	Male	88.84.198.44
283	Stefano	Bostick	sbostick7u@networkadvertising.org	Male	158.157.142.60
284	Gayleen	Littlechild	glittlechild7v@freewebs.com	Female	205.239.88.128
285	Trent	Ringe	tringe7w@hubpages.com	Male	145.155.53.71
286	Winston	Grene	wgrene7x@mashable.com	Male	254.231.224.238
287	Linnet	Sitlington	lsitlington7y@wp.com	Female	114.17.132.159
288	Weber	Finnemore	wfinnemore7z@unesco.org	Male	57.221.111.175
289	Farrel	Arminger	farminger80@cbsnews.com	Male	203.178.186.99
290	Rodrigo	Bergin	rbergin81@chronoengine.com	Male	98.248.60.53
291	Vergil	Vernazza	vvernazza82@amazon.com	Male	240.49.245.230
292	Del	Full	dfull83@wikia.com	Male	76.34.203.22
293	Jilly	Battrum	jbattrum84@rediff.com	Female	43.49.246.31
294	Libbi	Greim	lgreim85@globo.com	Female	162.77.80.147
295	Cyndie	Broszkiewicz	cbroszkiewicz86@tripadvisor.com	Female	157.165.89.193
296	Alvera	Dugood	adugood87@people.com.cn	Female	38.192.208.88
297	Yehudit	Tewes	ytewes88@example.com	Male	246.195.143.160
298	Lucien	Seefus	lseefus89@mayoclinic.com	Male	151.62.149.38
299	Charil	Sizey	csizey8a@imageshack.us	Female	234.64.67.14
300	Skipton	Bale	sbale8b@comcast.net	Male	106.117.83.102
301	Amberly	Benini	abenini8c@g.co	Female	224.93.118.41
302	Lannie	Seefus	lseefus8d@g.co	Male	162.194.205.175
303	Gilemette	Worboys	gworboys8e@hibu.com	Female	116.6.96.234
304	Katee	Jaffra	kjaffra8f@yolasite.com	Female	243.244.181.228
305	Neely	Williscroft	nwilliscroft8g@seesaa.net	Female	197.178.242.101
306	Nessie	Coveney	ncoveney8h@amazonaws.com	Female	251.250.132.204
307	Gus	Simms	gsimms8i@php.net	Female	116.77.155.208
308	Giselbert	Baudon	gbaudon8j@comsenz.com	Male	149.136.240.216
309	Dur	Dunthorn	ddunthorn8k@google.com.au	Male	47.153.24.212
310	Shannah	Wallentin	swallentin8l@tiny.cc	Female	245.136.205.231
311	Jana	Gorring	jgorring8m@reuters.com	Female	74.239.248.213
312	Jabez	Cormode	jcormode8n@amazon.co.uk	Male	94.58.101.53
313	Dominga	Danat	ddanat8o@facebook.com	Female	96.84.209.255
314	Ashli	Futcher	afutcher8p@ezinearticles.com	Female	154.243.28.205
315	Bastien	Giraudot	bgiraudot8q@economist.com	Male	182.124.110.166
316	Babbette	Taree	btaree8r@hhs.gov	Female	13.1.25.140
317	Barnebas	Sea	bsea8s@w3.org	Male	38.227.132.158
318	Vinson	Izkoveski	vizkoveski8t@state.tx.us	Male	73.178.42.116
319	Cheston	Hedling	chedling8u@github.com	Male	223.81.113.7
320	Callean	Althrope	calthrope8v@bloglines.com	Male	46.136.166.154
321	Ellerey	Feacham	efeacham8w@princeton.edu	Male	82.100.180.35
322	Dell	Purle	dpurle8x@wp.com	Male	47.250.245.105
323	Kilian	Oldcroft	koldcroft8y@wikia.com	Male	204.149.230.212
324	Maurita	Browning	mbrowning8z@wiley.com	Female	199.100.14.229
325	Lisetta	Furnell	lfurnell90@google.com	Female	218.234.165.11
326	Faye	Skipping	fskipping91@lulu.com	Female	146.197.29.41
327	Lianna	Fishly	lfishly92@woothemes.com	Female	220.45.227.51
328	Freeland	Dunkinson	fdunkinson93@spotify.com	Male	98.189.220.168
329	Gaylord	Dalwood	gdalwood94@huffingtonpost.com	Male	66.124.251.104
330	Moselle	Lumbers	mlumbers95@constantcontact.com	Female	236.180.178.184
331	Tab	Shillaker	tshillaker96@imageshack.us	Male	131.242.54.60
332	Margarita	Burdikin	mburdikin97@about.com	Female	56.174.212.4
333	Riannon	Deveraux	rdeveraux98@sun.com	Female	98.40.48.176
334	Melisa	Dieton	mdieton99@so-net.ne.jp	Female	221.86.77.123
335	Luelle	Watsam	lwatsam9a@live.com	Female	107.41.123.249
336	Lillis	Sperry	lsperry9b@google.co.jp	Female	71.232.40.210
337	Niki	Bradnick	nbradnick9c@furl.net	Male	71.201.225.3
338	Abeu	Wiersma	awiersma9d@acquirethisname.com	Male	88.239.209.232
339	My	Manolov	mmanolov9e@google.com.br	Male	170.126.108.86
340	Pepi	Cappleman	pcappleman9f@free.fr	Female	217.80.40.33
341	Kizzee	Frusher	kfrusher9g@wunderground.com	Female	96.179.109.86
342	Keefe	Rayne	krayne9h@webs.com	Male	205.140.229.95
343	Leonardo	Sharrock	lsharrock9i@tripadvisor.com	Male	23.40.133.251
344	Koressa	Savery	ksavery9j@scribd.com	Female	198.7.149.215
345	Mattheus	Scholfield	mscholfield9k@quantcast.com	Male	144.247.157.160
346	Rosemonde	Crowne	rcrowne9l@newyorker.com	Female	214.233.41.106
347	Earle	Coad	ecoad9m@mlb.com	Male	44.43.228.27
348	Sergio	Rogez	srogez9n@constantcontact.com	Male	129.251.27.210
349	Debbie	Corbie	dcorbie9o@wikispaces.com	Female	127.224.225.203
350	Javier	Risbrough	jrisbrough9p@devhub.com	Male	16.208.151.232
351	Anselma	Dorre	adorre9q@networksolutions.com	Female	212.174.219.30
352	Mordy	Curme	mcurme9r@yandex.ru	Male	219.218.244.33
353	Morgan	Ley	mley9s@blogspot.com	Female	254.68.90.195
354	Nadine	Sergison	nsergison9t@go.com	Female	176.175.108.158
355	Shermie	Tall	stall9u@nymag.com	Male	232.49.165.109
356	Christiano	Collie	ccollie9v@facebook.com	Male	200.76.46.109
357	Jason	Cremin	jcremin9w@live.com	Male	53.2.83.54
358	Orrin	Dignall	odignall9x@php.net	Male	99.32.118.162
359	Lynnelle	Tudhope	ltudhope9y@blogs.com	Female	51.206.104.207
360	Mariya	Marven	mmarven9z@cam.ac.uk	Female	191.138.77.87
361	Reggy	Gimenez	rgimeneza0@foxnews.com	Male	60.68.43.7
362	Didi	Drackford	ddrackforda1@pinterest.com	Female	149.240.20.188
363	Reed	Ranking	rrankinga2@tripod.com	Male	246.181.116.203
364	Irwin	Conochie	iconochiea3@google.de	Male	28.39.46.157
365	Hannah	Groveham	hgrovehama4@deliciousdays.com	Female	162.53.245.23
366	Ailsun	Eckery	aeckerya5@ucoz.ru	Female	176.195.176.86
367	Hermine	Geraudy	hgeraudya6@elpais.com	Female	124.70.182.119
368	Cointon	Middup	cmiddupa7@sphinn.com	Male	116.114.102.244
369	Jessamyn	Slowley	jslowleya8@google.ca	Female	161.24.239.73
370	Lucienne	Chaudron	lchaudrona9@shutterfly.com	Female	5.128.191.40
371	Sisely	Garrigan	sgarriganaa@cafepress.com	Female	18.146.15.156
372	Lanna	Edsall	ledsallab@pagesperso-orange.fr	Female	5.166.112.132
373	Marisa	Yakebovitch	myakebovitchac@amazon.co.jp	Female	133.203.95.208
374	Monique	Messum	mmessumad@cyberchimps.com	Female	217.203.254.137
375	Karlens	Sisnett	ksisnettae@google.co.uk	Male	217.27.252.10
376	Gussy	Joinsey	gjoinseyaf@statcounter.com	Female	205.162.152.210
377	Clementine	Yushmanov	cyushmanovag@i2i.jp	Female	235.247.150.101
378	Darcy	Davidovitz	ddavidovitzah@weather.com	Female	59.247.158.43
379	Maxie	Redolfi	mredolfiai@seattletimes.com	Male	86.244.219.147
380	Charil	Lidgett	clidgettaj@bing.com	Female	189.91.11.148
381	Jervis	Achromov	jachromovak@booking.com	Male	230.160.210.71
382	Edvard	Flageul	eflageulal@prlog.org	Male	144.226.136.21
383	Camille	Dooly	cdoolyam@miitbeian.gov.cn	Female	61.252.143.67
384	Westleigh	Tumulty	wtumultyan@addtoany.com	Male	113.14.164.31
385	Lorelle	Frankham	lfrankhamao@netlog.com	Female	24.140.110.32
386	Onfroi	Gather	ogatherap@howstuffworks.com	Male	194.133.85.230
387	Ethelbert	McGrotty	emcgrottyaq@shinystat.com	Male	96.82.74.129
388	Torr	MacGorrie	tmacgorriear@amazon.de	Male	150.252.162.69
389	Ellary	Blasi	eblasias@jugem.jp	Male	207.222.154.203
390	Louisa	Libbie	llibbieat@bing.com	Female	118.240.59.118
391	Leese	Heare	lheareau@lulu.com	Female	134.222.83.115
392	Ab	McKenney	amckenneyav@huffingtonpost.com	Male	196.53.62.70
393	Nikolaos	Baythrop	nbaythropaw@zdnet.com	Male	228.188.96.196
394	Anatole	Bambury	abamburyax@edublogs.org	Male	70.119.173.159
395	Berky	Simmens	bsimmensay@moonfruit.com	Male	203.65.34.69
396	Anatol	Searby	asearbyaz@irs.gov	Male	116.202.213.84
397	Keir	Bafford	kbaffordb0@wp.com	Male	173.138.127.24
398	Virgilio	Vaan	vvaanb1@nasa.gov	Male	214.56.25.39
399	Annecorinne	Titford	atitfordb2@tripadvisor.com	Female	27.112.129.89
400	Guinevere	Ferrieri	gferrierib3@archive.org	Female	48.201.251.225
401	Faustine	Boxhall	fboxhallb4@nymag.com	Female	67.48.194.35
402	Ambrosi	Tivenan	ativenanb5@uol.com.br	Male	115.165.43.129
403	Tierney	Shurey	tshureyb6@domainmarket.com	Female	109.60.190.204
404	Vick	Euplate	veuplateb7@tamu.edu	Male	89.196.149.179
405	Roberta	McCullock	rmccullockb8@hp.com	Female	42.6.136.56
406	Sena	Entres	sentresb9@unblog.fr	Female	34.157.225.118
407	Ofella	Portsmouth	oportsmouthba@twitpic.com	Female	254.196.77.104
408	Anetta	Dowdle	adowdlebb@privacy.gov.au	Female	104.104.215.82
409	Marijn	Luxford	mluxfordbc@linkedin.com	Male	212.136.202.23
410	Heida	Godier	hgodierbd@qq.com	Female	247.191.146.3
411	Linnea	Strutley	lstrutleybe@issuu.com	Female	74.99.152.51
412	Siouxie	Stearne	sstearnebf@marriott.com	Female	159.247.37.163
413	Holly	Spennock	hspennockbg@narod.ru	Female	100.164.146.66
414	Myrtia	Gilroy	mgilroybh@google.nl	Female	249.201.150.210
415	Angie	Odegaard	aodegaardbi@mtv.com	Male	13.193.24.186
416	Udale	McGairl	umcgairlbj@stanford.edu	Male	241.121.50.171
417	Marcie	Tomasian	mtomasianbk@who.int	Female	205.73.223.211
418	Andria	Tilte	atiltebl@google.com.br	Female	102.1.23.195
419	Sampson	Sturror	ssturrorbm@skyrock.com	Male	253.254.99.24
420	Harriett	Etches	hetchesbn@multiply.com	Female	24.56.186.204
421	Lezley	Fossord	lfossordbo@va.gov	Male	18.238.210.99
422	Reggi	Braunston	rbraunstonbp@nytimes.com	Female	132.226.242.96
423	Valentine	Forsdyke	vforsdykebq@infoseek.co.jp	Female	187.185.32.206
424	Johnathan	Furze	jfurzebr@lulu.com	Male	200.145.30.175
425	Prince	Klampt	pklamptbs@topsy.com	Male	217.60.38.178
426	Ogdon	Kaufman	okaufmanbt@lycos.com	Male	14.190.82.35
427	Ransom	Cashmore	rcashmorebu@jiathis.com	Male	47.205.218.197
428	Mellisent	Screen	mscreenbv@joomla.org	Female	89.194.233.189
429	Harrietta	Matelaitis	hmatelaitisbw@e-recht24.de	Female	5.115.108.45
430	Piotr	Madders	pmaddersbx@bing.com	Male	241.233.77.163
431	Trudi	Duffell	tduffellby@twitpic.com	Female	213.144.32.43
432	Aurea	Davids	adavidsbz@scientificamerican.com	Female	89.28.129.241
433	Brittan	Brunke	bbrunkec0@washington.edu	Female	158.194.201.44
434	Filippo	Giacoppo	fgiacoppoc1@google.de	Male	223.75.239.2
435	Murdock	Wisniowski	mwisniowskic2@wikispaces.com	Male	250.190.166.181
436	Chrisse	Doggett	cdoggettc3@studiopress.com	Male	42.165.180.192
437	Willdon	Szepe	wszepec4@ow.ly	Male	125.170.199.163
438	Tally	Rae	traec5@cbsnews.com	Male	27.132.153.140
439	Stanford	Van der Kruys	svanderkruysc6@nytimes.com	Male	179.63.86.65
440	Imogen	Bullene	ibullenec7@washingtonpost.com	Female	227.183.95.151
441	Marga	Arguile	marguilec8@wufoo.com	Female	236.70.121.67
442	Shandy	Goshawk	sgoshawkc9@tmall.com	Female	140.176.35.126
443	Klara	Jozwicki	kjozwickica@rambler.ru	Female	23.94.122.39
444	Germana	Gercken	ggerckencb@indiegogo.com	Female	6.236.92.178
445	Zea	Berens	zberenscc@goo.ne.jp	Female	152.221.153.92
446	Augustine	Blasetti	ablasetticd@sourceforge.net	Male	190.255.123.217
447	Krysta	Sehorsch	ksehorschce@salon.com	Female	178.173.218.227
448	Betsey	Adami	badamicf@macromedia.com	Female	37.254.155.196
449	Shandee	Maestrini	smaestrinicg@mlb.com	Female	239.172.218.163
450	Dave	Hillett	dhillettch@alibaba.com	Male	176.65.178.246
451	Rickey	Pryke	rprykeci@cafepress.com	Male	143.174.36.76
452	Damara	Cerman	dcermancj@boston.com	Female	136.214.144.115
453	Aloisia	Tuma	atumack@istockphoto.com	Female	235.24.124.126
454	Babs	Feldmus	bfeldmuscl@home.pl	Female	116.245.209.188
455	Edik	Petr	epetrcm@alibaba.com	Male	26.114.119.254
456	Jacob	Cragell	jcragellcn@weibo.com	Male	222.241.180.32
457	Newton	Andrivot	nandrivotco@irs.gov	Male	144.193.220.239
458	Ulrick	Lowman	ulowmancp@histats.com	Male	144.111.224.68
459	Allissa	Leythley	aleythleycq@xrea.com	Female	62.181.142.111
460	Dougie	Reary	drearycr@china.com.cn	Male	226.210.190.250
461	David	Gammade	dgammadecs@gnu.org	Male	45.202.137.206
462	Lauren	Kahn	lkahnct@ucoz.com	Male	156.197.77.14
463	Julee	Gresswell	jgresswellcu@paypal.com	Female	217.44.246.72
464	Natassia	Briat	nbriatcv@reverbnation.com	Female	95.35.167.218
465	Freddy	Churching	fchurchingcw@furl.net	Female	210.191.130.236
466	Corbett	Avrahamof	cavrahamofcx@redcross.org	Male	151.107.215.190
467	Arne	Wrightson	awrightsoncy@icio.us	Male	203.199.31.72
468	Meredith	Bothbie	mbothbiecz@ovh.net	Male	72.200.135.170
469	Darwin	Skipping	dskippingd0@ocn.ne.jp	Male	63.43.54.128
470	Raina	Sellan	rselland1@github.com	Female	51.217.250.162
471	Spencer	Inchan	sinchand2@stanford.edu	Male	60.96.193.73
472	Luelle	Gittins	lgittinsd3@state.gov	Female	118.117.85.145
473	Brandyn	Whatmough	bwhatmoughd4@reuters.com	Male	72.134.128.248
474	Lindsey	Rohlfing	lrohlfingd5@springer.com	Male	199.254.230.54
475	Tedda	Ede	teded6@vkontakte.ru	Female	231.255.25.25
476	Chad	Di Francecshi	cdifrancecshid7@phpbb.com	Female	40.103.174.139
477	Vale	Simenet	vsimenetd8@cloudflare.com	Female	213.15.67.228
478	Aeriel	Massy	amassyd9@huffingtonpost.com	Female	156.52.226.51
479	Elisabetta	Fearn	efearnda@nationalgeographic.com	Female	232.111.128.185
480	Devin	Kasher	dkasherdb@nsw.gov.au	Female	154.68.5.228
481	Juline	Ogus	jogusdc@jigsy.com	Female	81.107.173.244
482	Leanora	Toderini	ltoderinidd@squarespace.com	Female	217.43.117.175
483	Erich	Purshouse	epurshousede@yellowpages.com	Male	93.18.86.53
484	Desi	Scritch	dscritchdf@nature.com	Male	231.192.237.178
485	Fons	Pilgram	fpilgramdg@123-reg.co.uk	Male	140.56.195.250
486	Imojean	Wyne	iwynedh@uiuc.edu	Female	21.104.103.58
487	Eal	Sisley	esisleydi@loc.gov	Male	94.33.254.150
488	Gibby	Sedgmond	gsedgmonddj@usgs.gov	Male	35.251.164.176
489	Perri	Knevet	pknevetdk@bing.com	Female	35.139.235.53
490	Chloris	Tyce	ctycedl@livejournal.com	Female	33.206.37.31
491	Aprilette	O'Hagerty	aohagertydm@gnu.org	Female	118.58.52.74
492	Annalise	Dormon	adormondn@admin.ch	Female	8.92.134.36
493	Rooney	McGrudder	rmcgrudderdo@bbc.co.uk	Male	110.110.122.130
494	Standford	Linnitt	slinnittdp@vimeo.com	Male	149.58.116.237
495	Lauren	Headingham	lheadinghamdq@ycombinator.com	Female	19.244.25.113
496	Elaine	Jeduch	ejeduchdr@stumbleupon.com	Female	80.34.182.236
497	Binky	Kwietek	bkwietekds@webeden.co.uk	Male	149.251.47.133
498	Juliana	Clayson	jclaysondt@bizjournals.com	Female	225.198.89.39
499	Giffy	Breeds	gbreedsdu@surveymonkey.com	Male	176.61.230.32
500	Carlye	Dursley	cdursleydv@feedburner.com	Female	237.124.223.41
501	Lew	Pevreal	lpevrealdw@fda.gov	Male	174.203.186.95
502	Niki	McKelvey	nmckelveydx@wsj.com	Female	40.87.183.206
503	Lina	McKeachie	lmckeachiedy@jalbum.net	Female	133.39.15.65
504	Stacy	Featherstone	sfeatherstonedz@wikispaces.com	Male	211.126.95.11
505	Carrissa	Rosenauer	crosenauere0@list-manage.com	Female	123.209.217.59
506	Benjy	Artinstall	bartinstalle1@mac.com	Male	201.247.131.213
507	Merle	Hessentaler	mhessentalere2@4shared.com	Female	194.44.44.165
508	Nicolle	Conway	nconwaye3@addtoany.com	Female	27.156.102.221
509	Sherry	Esberger	sesbergere4@senate.gov	Female	99.77.158.192
510	Petunia	Simons	psimonse5@thetimes.co.uk	Female	112.103.35.173
511	Hubie	Gorry	hgorrye6@sciencedaily.com	Male	188.218.155.44
512	Van	Boribal	vboribale7@stanford.edu	Female	119.146.134.74
513	Pierre	Colling	pcollinge8@senate.gov	Male	30.114.141.223
514	Jose	Emblow	jemblowe9@people.com.cn	Male	134.145.124.170
515	Spenser	Toulmin	stoulminea@opensource.org	Male	31.185.3.85
516	Harald	Lomond	hlomondeb@bandcamp.com	Male	241.144.235.75
517	Abbie	Benardette	abenardetteec@arizona.edu	Female	160.115.10.58
518	Germaine	Abramski	gabramskied@cdc.gov	Male	163.99.48.185
519	Janie	Radeliffe	jradeliffeee@nydailynews.com	Female	249.48.67.231
520	Jerry	Morefield	jmorefieldef@marketwatch.com	Male	156.122.138.50
521	Meriel	Gebbie	mgebbieeg@cnbc.com	Female	61.210.103.236
522	Bank	Finder	bfindereh@google.pl	Male	79.232.197.197
523	Carie	Brooksbie	cbrooksbieei@google.com.br	Female	206.214.177.216
524	Gino	Hedgeman	ghedgemanej@sciencedirect.com	Male	168.157.183.225
525	Rhona	Ranns	rrannsek@delicious.com	Female	115.204.62.201
526	Rance	Kick	rkickel@mashable.com	Male	89.230.159.87
527	Mercedes	Cooley	mcooleyem@yale.edu	Female	116.74.93.112
528	Brita	Ouchterlony	bouchterlonyen@photobucket.com	Female	102.129.119.216
529	Berti	Das	bdaseo@vkontakte.ru	Male	109.209.176.96
530	Sande	Hryniewicz	shryniewiczep@4shared.com	Female	124.79.208.11
531	Stinky	Melesk	smeleskeq@mit.edu	Male	176.5.20.236
532	James	Shillum	jshillumer@guardian.co.uk	Male	186.202.132.27
533	Devan	Atwill	datwilles@wikipedia.org	Female	145.233.181.152
534	Darrell	McTerlagh	dmcterlaghet@illinois.edu	Male	216.165.125.180
535	Fredi	Mitchiner	fmitchinereu@hibu.com	Female	69.14.17.46
536	Edsel	Aggas	eaggasev@nps.gov	Male	254.78.229.69
537	Bailey	Drummond	bdrummondew@clickbank.net	Male	147.215.192.46
538	Daryl	Sackler	dsacklerex@jigsy.com	Male	165.17.77.141
539	Barny	Petican	bpeticaney@dailymail.co.uk	Male	216.67.143.71
540	Perren	Laytham	playthamez@barnesandnoble.com	Male	232.229.229.77
541	Cheston	Askam	caskamf0@google.com	Male	40.193.215.235
542	Dannel	Gosdin	dgosdinf1@google.it	Male	162.149.75.102
543	Gloriana	Pendergrast	gpendergrastf2@blogs.com	Female	213.117.154.98
544	Derrick	Shorto	dshortof3@pen.io	Male	73.251.150.202
545	Percy	Snellman	psnellmanf4@biglobe.ne.jp	Male	110.103.127.64
546	Rik	Barthrup	rbarthrupf5@economist.com	Male	139.55.168.76
547	Faulkner	Morson	fmorsonf6@rediff.com	Male	164.55.227.206
548	Pinchas	Hasnip	phasnipf7@plala.or.jp	Male	72.211.85.76
549	Loreen	Dursley	ldursleyf8@scribd.com	Female	145.99.19.212
550	Constancia	Di Angelo	cdiangelof9@shop-pro.jp	Female	78.141.222.91
551	Sumner	Renvoise	srenvoisefa@cnet.com	Male	241.159.44.187
552	Hashim	Desforges	hdesforgesfb@flavors.me	Male	187.74.124.129
553	Orazio	Bearman	obearmanfc@hhs.gov	Male	69.121.71.123
554	Augustine	Bewsy	abewsyfd@gmpg.org	Male	137.85.144.60
555	Raimundo	Palfreman	rpalfremanfe@yale.edu	Male	230.164.140.192
556	Dinny	Lulham	dlulhamff@privacy.gov.au	Female	1.28.125.159
557	Anny	Cabedo	acabedofg@blinklist.com	Female	19.216.27.168
558	Raviv	Hearty	rheartyfh@alexa.com	Male	99.42.158.5
559	Brnaba	Folk	bfolkfi@slideshare.net	Male	41.81.7.184
560	Selig	Hooke	shookefj@bigcartel.com	Male	5.91.28.119
561	Joni	Derle	jderlefk@multiply.com	Female	3.241.5.219
562	Eddie	Sigfrid	esigfridfl@google.com	Male	15.163.222.81
563	Johna	Ferrarone	jferraronefm@scribd.com	Female	108.218.205.207
564	Sutherland	Farguhar	sfarguharfn@google.it	Male	100.190.125.66
565	Morgana	Finlason	mfinlasonfo@bloglines.com	Female	95.255.104.38
566	Ulick	Enrich	uenrichfp@nps.gov	Male	166.92.190.251
567	Flor	Berkowitz	fberkowitzfq@hhs.gov	Female	250.25.135.0
568	Joane	Tomkin	jtomkinfr@printfriendly.com	Female	4.177.222.217
569	Jarib	Bedford	jbedfordfs@google.it	Male	12.34.113.54
570	Mayne	Duffil	mduffilft@w3.org	Male	226.161.118.233
571	Ula	Landeg	ulandegfu@infoseek.co.jp	Female	197.53.174.61
572	Aggie	Perone	aperonefv@miibeian.gov.cn	Female	216.231.70.205
573	Ange	Tremmil	atremmilfw@ft.com	Male	159.117.210.137
574	Tim	Deviney	tdevineyfx@java.com	Male	66.43.37.162
575	Nappie	McMorland	nmcmorlandfy@blog.com	Male	88.103.79.206
576	Chan	Whitewood	cwhitewoodfz@quantcast.com	Male	143.189.164.99
577	Courtnay	Fann	cfanng0@dagondesign.com	Female	121.62.234.85
578	Cherie	Schollar	cschollarg1@craigslist.org	Female	115.239.89.140
579	Kelcey	Willmer	kwillmerg2@goo.gl	Female	100.237.108.51
580	Eyde	Cancelier	ecancelierg3@patch.com	Female	0.194.21.81
581	Maxy	Schowenburg	mschowenburgg4@creativecommons.org	Female	17.109.116.64
582	Delia	Pick	dpickg5@nsw.gov.au	Female	142.169.119.22
583	Rani	Batts	rbattsg6@jimdo.com	Female	123.130.61.228
584	Berrie	Witsey	bwitseyg7@cnbc.com	Female	227.6.201.139
585	Kort	Sporton	ksportong8@google.com	Male	255.253.18.184
586	Lem	Lethardy	llethardyg9@liveinternet.ru	Male	100.155.69.5
587	Far	D'Abbot-Doyle	fdabbotdoylega@nature.com	Male	154.24.246.22
588	Brier	MacCome	bmaccomegb@globo.com	Female	134.166.173.53
589	Cesar	Lilywhite	clilywhitegc@bluehost.com	Male	69.108.147.154
590	Lyndell	Brabham	lbrabhamgd@usa.gov	Female	33.155.234.175
591	Moishe	Vlasenko	mvlasenkoge@mapquest.com	Male	144.132.132.95
592	Brenda	O' Meara	bomearagf@sun.com	Female	108.210.157.31
593	Wang	Manford	wmanfordgg@technorati.com	Male	77.219.212.115
594	Lindy	Tompion	ltompiongh@blog.com	Male	41.140.158.85
595	Dorry	De Pero	ddeperogi@auda.org.au	Female	226.144.158.215
596	Bill	Slimings	bslimingsgj@mysql.com	Female	199.84.20.89
597	Bertram	Bunston	bbunstongk@redcross.org	Male	189.168.11.186
598	Tiertza	Arr	tarrgl@ucoz.com	Female	115.139.28.197
599	Fawne	Pandey	fpandeygm@china.com.cn	Female	106.201.227.130
600	Esma	Bastock	ebastockgn@cam.ac.uk	Female	59.147.172.122
601	Merry	Skotcher	mskotchergo@shop-pro.jp	Male	139.175.24.9
602	Othella	Swinfon	oswinfongp@sina.com.cn	Female	136.237.119.142
603	Johannah	Danielian	jdanieliangq@ocn.ne.jp	Female	191.106.145.165
604	Jania	Crackett	jcrackettgr@g.co	Female	131.104.74.87
605	Guilbert	McConnell	gmcconnellgs@guardian.co.uk	Male	229.194.121.180
606	Richy	Ide	ridegt@vistaprint.com	Male	229.94.211.73
607	Reinold	Garroway	rgarrowaygu@dagondesign.com	Male	102.233.240.123
608	Karee	Geillier	kgeilliergv@amazon.com	Female	192.167.22.40
609	Ferdie	Knellen	fknellengw@examiner.com	Male	38.87.170.156
610	Gallard	Courtliff	gcourtliffgx@auda.org.au	Male	221.92.102.11
611	Nataline	Sussems	nsussemsgy@tiny.cc	Female	130.101.36.225
612	Trina	Willoughley	twilloughleygz@wp.com	Female	49.158.70.236
613	Vanda	Beeze	vbeezeh0@who.int	Female	95.234.198.167
614	Harv	Benard	hbenardh1@sbwire.com	Male	239.4.242.34
615	Ira	Mauger	imaugerh2@tripadvisor.com	Female	189.156.172.107
616	Sammy	Lindwasser	slindwasserh3@ustream.tv	Male	15.254.4.190
617	Alyce	Eltringham	aeltringhamh4@macromedia.com	Female	62.221.98.99
618	Veronique	Garfoot	vgarfooth5@cargocollective.com	Female	210.34.54.129
619	Barty	Corley	bcorleyh6@arizona.edu	Male	64.66.248.3
620	Esteban	Kuhl	ekuhlh7@smh.com.au	Male	204.73.201.175
621	Randal	Lanaway	rlanawayh8@blogs.com	Male	144.210.57.242
622	Avrom	MacSwayde	amacswaydeh9@pcworld.com	Male	152.197.43.160
623	Minnnie	Fayter	mfayterha@ftc.gov	Female	38.190.202.39
624	Lesya	Hryniewicz	lhryniewiczhb@tinyurl.com	Female	17.5.196.173
625	Adelice	Silverston	asilverstonhc@ebay.com	Female	157.128.250.68
626	Tibold	Dancy	tdancyhd@paginegialle.it	Male	237.182.164.252
627	Anny	Gather	agatherhe@wufoo.com	Female	43.178.174.197
628	Dolly	Kornas	dkornashf@merriam-webster.com	Female	151.1.177.198
629	Ronny	McKiddin	rmckiddinhg@dmoz.org	Female	108.217.179.216
630	Seumas	Cleary	sclearyhh@simplemachines.org	Male	68.167.212.16
631	Donnie	Hess	dhesshi@lulu.com	Male	239.6.26.156
632	Albie	Wortley	awortleyhj@squarespace.com	Male	117.35.0.116
633	Arvy	Martland	amartlandhk@dion.ne.jp	Male	220.123.124.223
634	Gale	Farenden	gfarendenhl@sogou.com	Male	240.0.61.120
635	Rex	Aubry	raubryhm@tuttocitta.it	Male	190.84.117.183
636	Rawley	Ahrens	rahrenshn@ucsd.edu	Male	247.247.95.222
637	Flori	Korous	fkorousho@is.gd	Female	183.197.199.10
638	Quincey	Prys	qpryshp@vinaora.com	Male	119.117.226.209
639	Bartie	Scudamore	bscudamorehq@parallels.com	Male	115.22.122.147
640	Holly	Columbell	hcolumbellhr@msn.com	Female	232.16.187.131
641	Reid	Rickert	rrickerths@bravesites.com	Male	193.42.45.42
642	Bondie	Farrent	bfarrentht@webmd.com	Male	109.198.226.9
643	Ardelle	Prendeville	aprendevillehu@tamu.edu	Female	40.184.56.181
644	Eldridge	Simester	esimesterhv@go.com	Male	253.73.241.114
645	Raynard	Heugh	rheughhw@usnews.com	Male	249.188.12.45
646	Sanford	Housecroft	shousecrofthx@gravatar.com	Male	136.56.71.195
647	Aila	Stentiford	astentifordhy@hubpages.com	Female	84.20.85.129
648	Tudor	Cleyne	tcleynehz@nba.com	Male	122.168.211.25
649	Delcine	Dorrance	ddorrancei0@angelfire.com	Female	97.176.55.178
650	Devin	Stutard	dstutardi1@arstechnica.com	Female	230.201.168.145
651	Arlen	Coenraets	acoenraetsi2@soup.io	Female	136.251.169.175
652	Rodina	Firpo	rfirpoi3@answers.com	Female	124.213.177.61
653	Gerik	Mulmuray	gmulmurayi4@ucsd.edu	Male	65.198.22.185
654	Corina	Tredwell	ctredwelli5@tinypic.com	Female	29.200.43.34
655	Wilburt	Pickwell	wpickwelli6@bandcamp.com	Male	49.235.27.30
656	Mollee	Castelletto	mcastellettoi7@sciencedaily.com	Female	2.162.22.131
657	Shellysheldon	Oliveti	solivetii8@nationalgeographic.com	Male	177.204.255.106
658	Levin	McNamara	lmcnamarai9@tuttocitta.it	Male	106.248.45.156
659	Mose	Vell	mvellia@timesonline.co.uk	Male	24.158.163.142
660	Ashton	Wace	awaceib@biglobe.ne.jp	Male	138.157.14.65
661	Chalmers	Crisford	ccrisfordic@linkedin.com	Male	83.219.139.59
662	Matthieu	Byre	mbyreid@mit.edu	Male	74.11.140.97
663	Carilyn	Gibby	cgibbyie@freewebs.com	Female	246.79.178.104
664	Erik	Kupis	ekupisif@zimbio.com	Male	201.251.24.82
665	Delphine	Gyenes	dgyenesig@purevolume.com	Female	70.143.58.163
666	Clerkclaude	Knightsbridge	cknightsbridgeih@godaddy.com	Male	178.121.62.198
667	Hamel	Janczewski	hjanczewskiii@pbs.org	Male	50.190.190.197
668	Jeanie	Feuell	jfeuellij@nih.gov	Female	249.245.183.191
669	Kincaid	Oseland	koselandik@ask.com	Male	177.177.69.103
670	Angy	Popworth	apopworthil@home.pl	Female	71.86.176.211
671	Midge	Manis	mmanisim@sun.com	Female	198.126.214.135
672	Lindie	Alsford	lalsfordin@skyrock.com	Female	170.93.148.211
673	Joshia	Sodory	jsodoryio@wunderground.com	Male	207.128.96.146
674	Ernst	Gustus	egustusip@dagondesign.com	Male	28.181.171.34
675	Haslett	Crouch	hcrouchiq@twitpic.com	Male	98.172.202.99
676	Carson	Bjerkan	cbjerkanir@msn.com	Male	243.160.227.136
677	Chrisy	Fourman	cfourmanis@google.ca	Male	80.67.213.25
678	Agna	Chetham	achethamit@time.com	Female	163.165.5.229
679	Jamal	Peeke-Vout	jpeekevoutiu@godaddy.com	Male	45.205.174.234
680	Ebeneser	Hargroves	ehargrovesiv@dmoz.org	Male	162.185.79.58
681	Carry	Darbishire	cdarbishireiw@ovh.net	Female	152.67.98.48
682	Rhianna	Farrance	rfarranceix@utexas.edu	Female	91.115.22.95
683	Daune	Carley	dcarleyiy@google.ca	Female	203.17.199.142
684	Geoff	McMillian	gmcmillianiz@phpbb.com	Male	140.22.44.177
685	Aluin	Clements	aclementsj0@marriott.com	Male	68.97.205.244
686	Constantino	Granham	cgranhamj1@springer.com	Male	162.79.0.144
687	Angeli	Caze	acazej2@foxnews.com	Male	15.47.187.238
688	Willow	Bruniges	wbrunigesj3@gov.uk	Female	197.190.171.126
689	Fionnula	Wythill	fwythillj4@ustream.tv	Female	115.29.160.88
690	Daron	Ciciura	dciciuraj5@admin.ch	Female	6.39.82.57
691	Abel	Minghella	aminghellaj6@buzzfeed.com	Male	1.6.105.156
692	Hurlee	McClurg	hmcclurgj7@addtoany.com	Male	89.195.146.247
693	Gaylord	Nana	gnanaj8@posterous.com	Male	236.39.254.104
694	Vivie	Simonich	vsimonichj9@rakuten.co.jp	Female	74.132.231.50
695	Shandra	Butcher	sbutcherja@indiegogo.com	Female	180.242.210.250
696	Shea	Annice	sannicejb@xrea.com	Male	54.111.202.231
697	Mercie	Antonucci	mantonuccijc@sciencedirect.com	Female	59.179.108.2
698	Roman	Bettison	rbettisonjd@cam.ac.uk	Male	167.255.179.132
699	Curr	Janoch	cjanochje@ucoz.ru	Male	197.128.231.193
700	Sheelah	Chandlar	schandlarjf@psu.edu	Female	235.165.119.102
701	Faulkner	Hullyer	fhullyerjg@nbcnews.com	Male	204.8.227.170
702	Minta	Kirby	mkirbyjh@state.tx.us	Female	251.101.247.116
703	Gilemette	Giacopazzi	ggiacopazziji@issuu.com	Female	134.125.207.90
704	Sigismundo	Hembery	shemberyjj@nydailynews.com	Male	21.158.159.140
705	Natividad	Colles	ncollesjk@tripod.com	Female	74.48.252.100
706	Reginald	Girdwood	rgirdwoodjl@slideshare.net	Male	81.60.199.191
707	Stephani	Aldersley	saldersleyjm@123-reg.co.uk	Female	162.113.143.247
708	Sonya	Spellesy	sspellesyjn@techcrunch.com	Female	53.36.242.68
709	Dian	Bean	dbeanjo@example.com	Female	97.130.109.145
710	Cloris	Gomar	cgomarjp@unesco.org	Female	125.15.199.41
711	Gussie	Pilfold	gpilfoldjq@pcworld.com	Female	0.39.243.95
712	Cynde	MacMeeking	cmacmeekingjr@alibaba.com	Female	144.185.152.198
713	Jule	Gravett	jgravettjs@wisc.edu	Male	186.86.155.17
714	Brenn	Limrick	blimrickjt@linkedin.com	Female	221.3.111.122
715	Mikey	Dorkin	mdorkinju@taobao.com	Male	77.182.114.23
716	Rabbi	Martinelli	rmartinellijv@skype.com	Male	153.225.179.179
717	Hilarius	Bullcock	hbullcockjw@constantcontact.com	Male	78.254.219.99
718	Hanan	Heditch	hheditchjx@mysql.com	Male	122.63.79.102
719	Ivonne	Dood	idoodjy@yelp.com	Female	126.163.191.126
720	Drusilla	Pigne	dpignejz@npr.org	Female	162.80.171.235
721	Jeremy	Stygall	jstygallk0@kickstarter.com	Male	95.190.116.100
722	Roman	Dionisi	rdionisik1@businesswire.com	Male	188.10.200.73
723	Dina	Foyle	dfoylek2@uol.com.br	Female	87.45.123.152
724	Tedie	Jesper	tjesperk3@posterous.com	Male	182.129.197.32
725	Dick	Ferrand	dferrandk4@ustream.tv	Male	183.185.82.163
726	Sydney	Haydock	shaydockk5@theglobeandmail.com	Male	101.184.5.5
727	Dehlia	Joicey	djoiceyk6@imgur.com	Female	69.199.151.209
728	Catharina	Fryers	cfryersk7@who.int	Female	147.147.138.29
729	Elliott	Eiler	eeilerk8@state.tx.us	Male	155.202.85.250
730	Rowan	Artinstall	rartinstallk9@bizjournals.com	Male	235.255.126.36
731	Aleksandr	Streeter	astreeterka@addtoany.com	Male	15.92.100.226
732	Pippy	Kocher	pkocherkb@imgur.com	Female	4.27.202.206
733	Cesaro	Leupold	cleupoldkc@naver.com	Male	16.199.45.0
734	Jesselyn	Hawksley	jhawksleykd@mozilla.org	Female	2.199.249.203
735	Maurene	Fanti	mfantike@spiegel.de	Female	108.130.95.94
736	Sidonnie	Brawson	sbrawsonkf@edublogs.org	Female	123.236.122.93
737	Elroy	Gornall	egornallkg@is.gd	Male	39.221.82.110
738	Jourdan	Bondesen	jbondesenkh@mozilla.com	Female	138.38.119.140
739	Harlen	Airey	haireyki@sakura.ne.jp	Male	155.231.188.18
740	Esdras	Coulling	ecoullingkj@ftc.gov	Male	230.253.154.254
741	Zea	Arthy	zarthykk@chron.com	Female	13.93.184.92
742	Carlos	Coatham	ccoathamkl@devhub.com	Male	125.232.18.71
743	Darcie	McGown	dmcgownkm@tmall.com	Female	203.156.221.235
744	Zondra	Ings	zingskn@studiopress.com	Female	128.192.221.234
745	Emmeline	Vasyagin	evasyaginko@usda.gov	Female	69.167.89.97
746	Giraldo	Beadnall	gbeadnallkp@woothemes.com	Male	71.248.99.144
747	Adan	Hallitt	ahallittkq@livejournal.com	Male	89.136.232.154
748	Kenon	Jore	kjorekr@google.com.br	Male	6.89.42.34
749	Nanice	McGuffie	nmcguffieks@wix.com	Female	114.242.33.75
750	Troy	Tomasello	ttomasellokt@uol.com.br	Male	76.244.147.4
751	Bevan	Julian	bjulianku@blinklist.com	Male	199.192.212.206
752	Martainn	Mesant	mmesantkv@answers.com	Male	201.91.251.91
753	Scarface	Shoutt	sshouttkw@guardian.co.uk	Male	149.195.147.124
754	Fancy	Skoughman	fskoughmankx@pbs.org	Female	195.143.174.59
755	Stefa	Lassen	slassenky@elpais.com	Female	196.185.42.164
756	Gaston	Cumming	gcummingkz@about.me	Male	65.203.126.164
757	Lelia	Gillino	lgillinol0@youku.com	Female	113.205.224.157
758	Eryn	Boggis	eboggisl1@arizona.edu	Female	161.87.164.76
759	Caldwell	Belly	cbellyl2@cbslocal.com	Male	108.226.123.110
760	Taber	Inglesent	tinglesentl3@goodreads.com	Male	136.110.116.50
761	Annabal	Hurton	ahurtonl4@jigsy.com	Female	17.208.19.6
762	Morna	Pummery	mpummeryl5@163.com	Female	186.131.129.215
763	Patricia	Donegan	pdoneganl6@barnesandnoble.com	Female	108.103.225.195
764	Lorie	Cornew	lcornewl7@seattletimes.com	Female	218.101.241.112
765	Krisha	Ezzle	kezzlel8@vimeo.com	Male	80.192.92.114
766	Cayla	Dyde	cdydel9@abc.net.au	Female	60.253.108.95
767	Kaitlynn	McKernon	kmckernonla@wisc.edu	Female	222.92.144.220
768	Winny	Cowmeadow	wcowmeadowlb@nba.com	Female	92.152.110.250
769	Estella	Karpe	ekarpelc@nsw.gov.au	Female	253.189.87.110
770	Lisbeth	Seneschal	lseneschalld@merriam-webster.com	Female	14.153.99.212
771	Alejandro	Lingfoot	alingfootle@spotify.com	Male	79.174.152.103
772	Adi	Mottershaw	amottershawlf@gizmodo.com	Female	232.56.201.184
773	Mariel	Hatry	mhatrylg@cbc.ca	Female	32.108.24.116
774	Baldwin	Vondruska	bvondruskalh@aboutads.info	Male	146.23.78.176
775	Wernher	Besset	wbessetli@wordpress.org	Male	109.82.201.47
776	Derry	Pickerell	dpickerelllj@msn.com	Male	228.217.62.86
777	Elnore	Twydell	etwydelllk@hp.com	Female	64.154.40.79
778	Ricardo	Coxhell	rcoxhellll@squidoo.com	Male	105.133.249.102
779	Haskell	McCaffrey	hmccaffreylm@hibu.com	Male	87.38.200.153
780	Ilaire	Puttock	iputtockln@ifeng.com	Male	190.110.226.218
781	Vivian	Haggath	vhaggathlo@si.edu	Female	48.53.117.39
782	Ulberto	Idenden	uidendenlp@histats.com	Male	92.28.62.148
783	Vidovik	Burgise	vburgiselq@sakura.ne.jp	Male	9.93.129.218
784	Sidonnie	Gerok	sgeroklr@icq.com	Female	233.54.220.189
785	Cookie	Milella	cmilellals@sina.com.cn	Female	73.100.187.186
786	Alyssa	Pulfer	apulferlt@uol.com.br	Female	228.46.128.174
787	Shirline	Ducker	sduckerlu@uiuc.edu	Female	54.196.240.40
788	Cortie	Clews	cclewslv@baidu.com	Male	164.49.39.4
789	Heidie	Dillon	hdillonlw@cbsnews.com	Female	59.2.52.139
790	Korella	Philipeaux	kphilipeauxlx@mit.edu	Female	188.146.232.208
791	Euphemia	Emblem	eemblemly@google.pl	Female	169.252.238.59
792	Jonas	Beszant	jbeszantlz@fastcompany.com	Male	185.70.3.179
793	Waylin	Marten	wmartenm0@sciencedirect.com	Male	120.164.57.67
794	Vaughan	Orgee	vorgeem1@blogger.com	Male	17.38.166.21
795	Sadie	Dye	sdyem2@photobucket.com	Female	58.41.13.153
796	Pat	Peto	ppetom3@blog.com	Female	200.120.230.215
797	Leland	Brunsdon	lbrunsdonm4@chicagotribune.com	Female	164.74.250.137
798	Jodi	Withur	jwithurm5@arstechnica.com	Male	141.155.179.80
799	Beth	Phipson	bphipsonm6@ifeng.com	Female	18.115.59.170
800	Benedetto	Holbie	bholbiem7@dailymail.co.uk	Male	101.64.6.102
801	Padgett	Coonan	pcoonanm8@squarespace.com	Male	186.234.156.99
802	Dominga	Thacker	dthackerm9@irs.gov	Female	167.241.135.40
803	Cayla	Draye	cdrayema@wisc.edu	Female	227.241.190.221
804	Cybill	Beldum	cbeldummb@si.edu	Female	190.40.215.197
805	Else	Bechley	ebechleymc@telegraph.co.uk	Female	250.210.35.248
806	Garnette	Skelhorn	gskelhornmd@canalblog.com	Female	139.22.246.106
807	Kylen	Normanell	knormanellme@i2i.jp	Female	83.8.123.109
808	Daffie	Sandercock	dsandercockmf@icq.com	Female	187.30.199.97
809	Bartel	Gerg	bgergmg@merriam-webster.com	Male	222.226.156.99
810	Veradis	Mudle	vmudlemh@umn.edu	Female	93.231.115.130
811	Tommy	Juszczak	tjuszczakmi@amazonaws.com	Male	226.242.72.48
812	Shelton	Rediers	srediersmj@gravatar.com	Male	225.226.63.62
813	Darrelle	Lensch	dlenschmk@last.fm	Female	195.127.201.105
814	Gweneth	Izzard	gizzardml@xing.com	Female	142.211.10.253
815	Arleen	Calton	acaltonmm@tmall.com	Female	222.97.49.222
816	Johan	Stiling	jstilingmn@macromedia.com	Male	42.129.114.140
817	Selig	Warin	swarinmo@japanpost.jp	Male	139.112.105.62
818	Eadith	Ahlf	eahlfmp@berkeley.edu	Female	137.252.20.84
819	Law	Fabri	lfabrimq@hhs.gov	Male	203.237.234.47
820	Barry	de Courcy	bdecourcymr@instagram.com	Male	193.245.11.147
821	Nonnah	Burton	nburtonms@i2i.jp	Female	201.199.52.193
822	Krispin	Braghini	kbraghinimt@cocolog-nifty.com	Male	141.201.106.91
823	Emeline	Tibbetts	etibbettsmu@aol.com	Female	62.129.237.78
824	Redd	Reuben	rreubenmv@purevolume.com	Male	34.234.140.121
825	Onfre	Gemmill	ogemmillmw@icio.us	Male	78.235.153.160
826	Ebeneser	Bugs	ebugsmx@uol.com.br	Male	83.198.18.220
827	Fraze	Alten	faltenmy@scribd.com	Male	12.60.101.206
828	Alair	McGinnell	amcginnellmz@cisco.com	Male	239.98.56.20
829	Tristan	Abramovitz	tabramovitzn0@networkadvertising.org	Male	60.162.222.221
830	Cooper	McTrustam	cmctrustamn1@usnews.com	Male	117.48.225.7
831	Arabella	Stiling	astilingn2@oakley.com	Female	51.245.154.170
832	Windy	Heersma	wheersman3@patch.com	Female	190.62.60.15
833	Halie	Poone	hpoonen4@tinyurl.com	Female	179.38.10.23
834	Pansy	McAleese	pmcaleesen5@theatlantic.com	Female	207.158.45.159
835	Becca	Hebbs	bhebbsn6@youtu.be	Female	64.41.157.153
836	Jedd	Crick	jcrickn7@github.com	Male	96.83.8.238
837	Ekaterina	Wardlow	ewardlown8@diigo.com	Female	150.193.39.242
838	Michaella	Snare	msnaren9@ovh.net	Female	86.29.182.20
839	Florenza	Neilson	fneilsonna@amazon.co.uk	Female	215.90.104.238
840	Marilyn	Hemerijk	mhemerijknb@simplemachines.org	Female	194.128.174.149
841	Enrico	Jewiss	ejewissnc@hao123.com	Male	109.50.91.175
842	Maxwell	Whyler	mwhylernd@wp.com	Male	151.8.13.165
843	Haskell	Beart	hbeartne@census.gov	Male	99.199.125.124
844	Roselia	Kemster	rkemsternf@house.gov	Female	240.44.33.97
845	Rafaelita	Souch	rsouchng@oaic.gov.au	Female	119.133.200.201
846	Priscilla	Walsh	pwalshnh@infoseek.co.jp	Female	244.136.230.166
847	Beth	Badger	bbadgerni@cmu.edu	Female	67.133.246.253
848	Jenni	Cuphus	jcuphusnj@about.com	Female	202.218.168.157
849	Sadye	Beernaert	sbeernaertnk@buzzfeed.com	Female	51.238.78.249
850	Gregorius	Mainstone	gmainstonenl@globo.com	Male	136.190.206.248
851	Merrel	Moiser	mmoisernm@un.org	Male	8.6.224.245
852	Arel	Lankham	alankhamnn@indiatimes.com	Male	132.102.205.192
853	Mickie	Westraw	mwestrawno@ebay.co.uk	Female	117.41.19.202
854	Valentine	Keunemann	vkeunemannnp@chicagotribune.com	Male	38.205.112.65
855	Harper	McCaskill	hmccaskillnq@blogs.com	Male	56.178.252.145
856	Nicolis	Wilkerson	nwilkersonnr@symantec.com	Male	100.54.123.82
857	Tedda	Worgan	tworganns@hubpages.com	Female	48.212.144.61
858	Darsey	Barajas	dbarajasnt@nydailynews.com	Female	18.48.135.225
859	Lonnie	Hatwell	lhatwellnu@cbslocal.com	Female	238.175.111.172
860	Wilton	Fillimore	wfillimorenv@dailymail.co.uk	Male	40.145.148.21
861	Gweneth	Blewitt	gblewittnw@vistaprint.com	Female	47.165.80.71
862	Virgina	Cochet	vcochetnx@pbs.org	Female	73.61.153.195
863	Rossy	Hulk	rhulkny@ed.gov	Male	244.186.76.88
864	Salaidh	Strachan	sstrachannz@apple.com	Female	168.77.170.94
865	Saidee	Binne	sbinneo0@si.edu	Female	62.145.236.8
866	Rivkah	Curnow	rcurnowo1@cloudflare.com	Female	101.158.55.92
867	Collette	Gellibrand	cgellibrando2@apache.org	Female	4.26.5.60
868	Gil	Durrand	gdurrando3@telegraph.co.uk	Male	192.131.208.138
869	Danny	Wherton	dwhertono4@bizjournals.com	Male	131.136.143.66
870	Alejandra	Clayal	aclayalo5@stumbleupon.com	Female	216.129.84.46
871	Tad	Thorold	tthoroldo6@businesswire.com	Male	177.157.29.22
872	Kermit	Skingle	kskingleo7@ebay.com	Male	4.194.54.70
873	Leone	Cornelius	lcorneliuso8@addthis.com	Female	185.1.174.3
874	Dacia	Dangerfield	ddangerfieldo9@rediff.com	Female	205.87.149.133
875	Elia	Nehlsen	enehlsenoa@cmu.edu	Male	188.29.193.97
876	Rosina	Casella	rcasellaob@unc.edu	Female	120.251.128.139
877	Marysa	Trahar	mtraharoc@devhub.com	Female	3.6.232.219
878	Larina	Brockway	lbrockwayod@alibaba.com	Female	13.99.100.232
879	Baxie	Tiron	btironoe@webeden.co.uk	Male	89.238.52.50
880	Frankie	Comberbach	fcomberbachof@mediafire.com	Male	59.217.253.121
881	Engelbert	Cannings	ecanningsog@cnbc.com	Male	227.66.21.157
882	Daryn	Shillaber	dshillaberoh@ed.gov	Female	4.217.139.248
883	Tatiania	Goves	tgovesoi@oracle.com	Female	164.67.120.228
884	Paten	Lowdes	plowdesoj@eventbrite.com	Male	44.196.130.174
885	Rayshell	Dickings	rdickingsok@salon.com	Female	218.233.51.231
886	Weidar	Handman	whandmanol@msu.edu	Male	189.139.91.241
887	Eleen	Oleszcuk	eoleszcukom@smugmug.com	Female	189.161.142.113
888	Mariele	Gobeaux	mgobeauxon@blogspot.com	Female	179.168.212.107
889	Stephie	Benoit	sbenoitoo@surveymonkey.com	Female	165.3.62.66
890	Kimbell	Lovick	klovickop@naver.com	Male	245.151.207.86
891	Kermit	Bollum	kbollumoq@bloglines.com	Male	157.135.123.74
892	Vito	MacNeish	vmacneishor@istockphoto.com	Male	231.110.117.153
893	Tarrance	Pirri	tpirrios@princeton.edu	Male	159.147.189.130
894	Kathye	Zoellner	kzoellnerot@prlog.org	Female	20.6.135.200
895	Aliza	Guillet	aguilletou@cbc.ca	Female	247.235.107.241
896	Daniella	Godar	dgodarov@webnode.com	Female	142.253.106.207
897	Hanson	Crinson	hcrinsonow@columbia.edu	Male	227.155.135.16
898	Rubi	Miko	rmikoox@technorati.com	Female	194.145.37.216
899	Veriee	Ritchley	vritchleyoy@microsoft.com	Female	80.230.156.204
900	Liv	Duggen	lduggenoz@ow.ly	Female	102.246.63.172
901	Erin	Dumbellow	edumbellowp0@ameblo.jp	Male	119.100.221.227
902	Stephanus	Stopford	sstopfordp1@nymag.com	Male	32.17.41.150
903	Garreth	Alvis	galvisp2@over-blog.com	Male	72.8.211.8
904	Sari	Zottoli	szottolip3@tumblr.com	Female	136.192.80.227
905	Sidnee	Longfellow	slongfellowp4@squidoo.com	Male	44.253.27.4
906	Hamil	Darington	hdaringtonp5@discuz.net	Male	33.247.19.149
907	Bowie	Borres	bborresp6@jugem.jp	Male	43.50.153.54
908	Tadd	Burdin	tburdinp7@google.com.hk	Male	115.18.156.52
909	Poul	Soreau	psoreaup8@imageshack.us	Male	42.12.221.40
910	Moise	Pavlenko	mpavlenkop9@google.de	Male	190.241.170.90
911	Bink	Yeliashev	byeliashevpa@barnesandnoble.com	Male	130.12.146.142
912	L;urette	Wellbank	lwellbankpb@sitemeter.com	Female	51.142.209.40
913	Nels	Lamberts	nlambertspc@opera.com	Male	33.144.145.43
914	Lauraine	Blackborow	lblackborowpd@meetup.com	Female	34.183.137.145
915	Gerti	Kopec	gkopecpe@barnesandnoble.com	Female	65.203.58.122
916	Iggie	Skally	iskallypf@gmpg.org	Male	8.250.172.63
917	Ferne	Shotter	fshotterpg@addtoany.com	Female	91.37.29.70
918	Delphine	Ghion	dghionph@sohu.com	Female	127.143.120.54
919	Audie	Wankling	awanklingpi@ca.gov	Female	147.100.6.83
920	Jayme	Bilam	jbilampj@hao123.com	Male	22.199.4.65
921	James	Southerden	jsoutherdenpk@ning.com	Male	28.199.238.116
922	Patsy	Thying	pthyingpl@washington.edu	Female	50.4.212.97
923	Rozalin	Munton	rmuntonpm@barnesandnoble.com	Female	99.36.102.225
924	Alan	Varne	avarnepn@github.io	Male	119.190.175.144
925	Edgardo	Doogue	edooguepo@devhub.com	Male	146.249.72.71
926	Korie	McDell	kmcdellpp@infoseek.co.jp	Female	50.91.151.215
927	Tab	McGourty	tmcgourtypq@cargocollective.com	Male	245.12.229.69
928	Brig	Cogswell	bcogswellpr@google.com.br	Male	16.31.220.213
929	Paquito	Hedgeman	phedgemanps@smugmug.com	Male	124.105.90.231
930	Bryn	Hele	bhelept@ca.gov	Male	133.151.196.49
931	Elsie	De Cristoforo	edecristoforopu@slate.com	Female	1.151.112.151
932	Christopher	Santus	csantuspv@yahoo.com	Male	170.8.254.207
933	Brianne	Dicken	bdickenpw@ox.ac.uk	Female	239.206.152.211
934	Kania	Garrand	kgarrandpx@oracle.com	Female	237.89.89.26
935	Chaim	Garrett	cgarrettpy@smh.com.au	Male	12.158.124.210
936	Rees	Nand	rnandpz@mozilla.org	Male	185.155.191.19
937	Whitney	Rosini	wrosiniq0@cnet.com	Male	176.192.15.144
938	Joachim	Jerdon	jjerdonq1@merriam-webster.com	Male	114.35.28.99
939	Elva	Belhomme	ebelhommeq2@marketwatch.com	Female	120.107.129.200
940	Larry	Wilshere	lwilshereq3@fotki.com	Male	59.220.26.60
941	Borg	Dewick	bdewickq4@youtube.com	Male	103.170.105.130
942	Devi	Ivens	divensq5@constantcontact.com	Female	227.105.118.145
943	Kally	Lammertz	klammertzq6@topsy.com	Female	160.151.8.161
944	Karena	Rive	kriveq7@intel.com	Female	62.238.75.186
945	Dinnie	Caulder	dcaulderq8@163.com	Female	76.64.76.16
946	Jayme	Esposita	jespositaq9@foxnews.com	Female	189.14.30.155
947	Reinhard	Gout	rgoutqa@microsoft.com	Male	64.178.150.81
948	Sibylla	Buckthought	sbuckthoughtqb@macromedia.com	Female	106.94.18.38
949	Cammy	Quirk	cquirkqc@ftc.gov	Female	128.16.100.12
950	Jackie	Stringman	jstringmanqd@mlb.com	Female	81.136.33.45
951	Renault	Granger	rgrangerqe@webs.com	Male	247.35.28.249
952	Oliviero	Furman	ofurmanqf@deliciousdays.com	Male	204.23.172.149
953	Currie	Glencross	cglencrossqg@uol.com.br	Male	175.232.186.40
954	Werner	Broadstock	wbroadstockqh@wikia.com	Male	123.183.93.187
955	Yorker	Wilbud	ywilbudqi@nba.com	Male	63.49.47.192
956	Eden	Pavluk	epavlukqj@freewebs.com	Female	203.29.168.0
957	Greer	Hedman	ghedmanqk@newsvine.com	Female	107.91.114.158
958	Louisette	Mulhall	lmulhallql@soundcloud.com	Female	234.170.103.157
959	Gabe	Connock	gconnockqm@usda.gov	Male	65.188.96.83
960	Brandyn	Kirman	bkirmanqn@dot.gov	Male	19.227.66.113
961	Whitney	Arndtsen	warndtsenqo@springer.com	Male	48.51.123.202
962	Preston	Keats	pkeatsqp@ameblo.jp	Male	169.69.232.189
963	Chev	Syers	csyersqq@ebay.co.uk	Male	117.233.151.251
964	Normand	Rappport	nrappportqr@hexun.com	Male	214.179.148.49
965	Lavena	Thrush	lthrushqs@sitemeter.com	Female	198.9.169.211
966	Tiebout	Wardley	twardleyqt@com.com	Male	245.47.213.122
967	Corinna	Knagges	cknaggesqu@prlog.org	Female	165.156.9.30
968	Joete	Navaro	jnavaroqv@google.ru	Female	104.245.244.75
969	Ronald	Coye	rcoyeqw@phoca.cz	Male	161.215.252.49
970	Madeline	Castanho	mcastanhoqx@who.int	Female	7.234.30.140
971	Algernon	Dearn	adearnqy@wikipedia.org	Male	204.202.180.212
972	Orland	Fiddiman	ofiddimanqz@theguardian.com	Male	198.47.175.237
973	Lowrance	Janku	ljankur0@jalbum.net	Male	98.172.3.128
974	Aggy	Routhorn	arouthornr1@newyorker.com	Female	158.53.197.113
975	Agnella	Rassell	arassellr2@cam.ac.uk	Female	96.184.206.234
976	Maighdiln	Vasyaev	mvasyaevr3@cmu.edu	Female	248.146.246.163
977	Jordan	Cramp	jcrampr4@pagesperso-orange.fr	Male	244.177.138.74
978	Annmaria	Yardy	ayardyr5@ovh.net	Female	165.116.81.160
979	Gilbertine	Farmar	gfarmarr6@businesswire.com	Female	169.157.49.224
980	Haslett	Twitchett	htwitchettr7@nymag.com	Male	116.210.180.113
981	Florri	Giottoi	fgiottoir8@timesonline.co.uk	Female	253.173.203.187
982	Ulberto	Giggs	ugiggsr9@ocn.ne.jp	Male	96.141.67.58
983	Erroll	Trendle	etrendlera@usnews.com	Male	223.144.240.139
984	Blinni	Sopper	bsopperrb@netscape.com	Female	208.21.126.12
985	Violante	Andres	vandresrc@upenn.edu	Female	98.201.156.140
986	Jonas	Fiander	jfianderrd@ibm.com	Male	87.181.159.83
987	Gabby	Sackes	gsackesre@linkedin.com	Male	86.52.168.103
988	Hilda	Rubin	hrubinrf@printfriendly.com	Female	64.29.72.249
989	Lenna	Wank	lwankrg@networksolutions.com	Female	240.116.159.230
990	Harv	Dominik	hdominikrh@telegraph.co.uk	Male	98.74.179.84
991	Brunhilde	Carson	bcarsonri@alexa.com	Female	238.185.107.129
992	Egon	Rowson	erowsonrj@alexa.com	Male	191.144.148.92
993	Dulce	Rouff	drouffrk@moonfruit.com	Female	178.205.132.201
994	Marcos	Cantera	mcanterarl@usatoday.com	Male	22.242.8.40
995	Joby	MacElane	jmacelanerm@buzzfeed.com	Female	252.177.227.37
996	Natasha	Cornuau	ncornuaurn@businessinsider.com	Female	124.174.34.84
997	Norbie	Corringham	ncorringhamro@tripod.com	Male	194.54.25.25
998	Gael	Brayshay	gbrayshayrp@craigslist.org	Female	146.157.204.170
999	Starlin	Jonuzi	sjonuzirq@umich.edu	Female	225.126.139.174
1000	Glori	Cutmere	gcutmererr@mit.edu	Female	104.15.85.234
